station_id,session_id,measurement,trial,sample,stamp,x,y,yaw
node_10,20261006_155933_685010,baseline,,1,1791269987.173965259,0.3823436082737434,0.36118299966557327,0.007543040071437177
node_10,20261006_155933_685010,baseline,,2,1791269987.335513430,0.3823436091137327,0.36118299967359996,0.007543040156168954
node_10,20261006_155933_685010,baseline,,3,1791269987.426621388,0.3823662032043252,0.36118317173274483,0.00732572136144575
node_10,20261006_155933_685010,baseline,,4,1791269987.525682529,0.3823556455631237,0.36118309540616356,0.007467802676143254
node_10,20261006_155933_685010,baseline,,5,1791269987.632586039,0.382366675645962,0.36118317717443527,0.007467802608396112
node_10,20261006_155933_685010,baseline,,6,1791269987.726689447,0.3823411983856469,0.36118299113689983,0.007558112725986537
node_10,20261006_155933_685010,baseline,,7,1791269987.826611962,0.3823411983037938,0.3611829911371748,0.007558112811630025
node_10,20261006_155933_685010,baseline,,8,1791269987.933680265,0.3823624138387472,0.36118315286269764,0.0073581380909477955
node_10,20261006_155933_685010,baseline,,9,1791269988.025677339,0.3823685413716738,0.36118319962653506,0.007464662484997924
node_10,20261006_155933_685010,baseline,,10,1791269988.125683501,0.38236491918242727,0.3611831765610672,0.007487177887983958
node_10,20261006_155933_685010,baseline,,11,1791269988.234714660,0.38235492618158734,0.3611830940426397,0.007538482936656526
node_10,20261006_155933_685010,baseline,,12,1791269988.324702952,0.38232789869840605,0.36118289465122216,0.007641070735110484
node_10,20261006_155933_685010,baseline,,13,1791269988.426738006,0.3823278987423963,0.3611828946529072,0.0076410708328647275
node_10,20261006_155933_685010,baseline,,14,1791269988.473932236,0.3823414644068405,0.361182995882911,0.007641070916663038
node_10,20261006_155933_685010,baseline,,15,1791269988.624708790,0.3823404611238473,0.3611829870709475,0.007719601808831286
node_10,20261006_155933_685010,baseline,,16,1791269988.726723325,0.38235261437617946,0.36118307822152723,0.007719601883807306
node_10,20261006_155933_685010,baseline,,17,1791269988.773951888,0.38236312354608765,0.36118316201888545,0.007861241894161526
node_10,20261006_155933_685010,baseline,,18,1791269988.926798796,0.3823446871177751,0.36118302421737686,0.007589270561411603
node_10,20261006_155933_685010,baseline,,19,1791269989.026754366,0.38234468704874974,0.361183024217308,0.007589270561411603
node_10,20261006_155933_685010,baseline,,20,1791269989.128793791,0.38234468713442044,0.361183024218367,0.007589270561411603
node_10,20261006_155933_685010,baseline,,21,1791269989.235769354,0.38234468764899104,0.3611830242226478,0.007589270561411603
node_10,20261006_155933_685010,baseline,,22,1791269989.325873089,0.3823446871683381,0.3611830242192791,0.007589270561411603
node_10,20261006_155933_685010,baseline,,23,1791269989.373739845,0.3823446870239003,0.3611830242183188,0.007589270561411603
node_10,20261006_155933_685010,baseline,,24,1791269989.573873407,0.3823339327602401,0.36118294696325487,0.007656493564921952
node_10,20261006_155933_685010,baseline,,25,1791269989.673970975,0.38235403141571483,0.3611831037602775,0.007656493564921952
node_10,20261006_155933_685010,baseline,,26,1791269989.773956267,0.38232599754734103,0.3611828862047508,0.007656493564921952
node_10,20261006_155933_685010,baseline,,27,1791269989.832866375,0.3823259981314015,0.3611828862095863,0.007656493564921952
node_10,20261006_155933_685010,baseline,,28,1791269989.973885296,0.38232599760130676,0.36118288620629524,0.007656493564921952
node_10,20261006_155933_685010,baseline,,29,1791269990.073917846,0.38233906089456476,0.3611829851186525,0.007656493484167008
node_10,20261006_155933_685010,baseline,,30,1791269990.173888453,0.3823377411432924,0.36118297954777295,0.007583080425632084
node_10,20261006_155933_685010,trial,1,1,1791270139.773945788,0.35437154560147355,0.3774208758827686,0.08244401055282642
node_10,20261006_155933_685010,trial,1,2,1791270140.073909509,0.35437154562496376,0.37742087588462886,0.08256949389019094
node_10,20261006_155933_685010,trial,1,3,1791270140.329799853,0.35437154563882545,0.37742087588572326,0.08275250514093029
node_10,20261006_155933_685010,trial,1,4,1791270140.424739100,0.354371545643427,0.37742087588608764,0.08275250514093029
node_10,20261006_155933_685010,trial,1,5,1791270140.473890162,0.3543715456454989,0.3774208758862513,0.08275250514093029
node_10,20261006_155933_685010,trial,1,6,1791270140.573888815,0.3543715456492198,0.3774208758865447,0.08275250514093029
node_10,20261006_155933_685010,trial,1,7,1791270141.125832190,0.3543715456508658,0.37742087588662476,0.08275250514093029
node_10,20261006_155933_685010,trial,1,8,1791270141.273909834,0.3543715456542419,0.3774208758868952,0.08275250514093029
node_10,20261006_155933_685010,trial,1,9,1791270141.426855743,0.3543715456567855,0.37742087588709805,0.08275250514093029
node_10,20261006_155933_685010,trial,1,10,1791270141.526882710,0.35437154565835616,0.37742087588722373,0.08275250514093029
node_10,20261006_155933_685010,trial,1,11,1791270141.631929919,0.35437154565959483,0.3774208758873223,0.08275250514093029
node_10,20261006_155933_685010,trial,1,12,1791270141.725863222,0.3543715456609102,0.3774208758874281,0.08275250514093029
node_10,20261006_155933_685010,trial,1,13,1791270141.773939693,0.35437154566150775,0.3774208758874761,0.08275250514093029
node_10,20261006_155933_685010,trial,1,14,1791270141.927947970,0.3543715456628994,0.37742087588758716,0.08275250514093029
node_10,20261006_155933_685010,trial,1,15,1791270142.073897748,0.3543715456640719,0.37742087588768103,0.08275250514093029
node_10,20261006_155933_685010,trial,1,16,1791270142.273981515,0.35437154566538753,0.3774208758877863,0.08291860905210069
node_10,20261006_155933_685010,trial,1,17,1791270142.435989220,0.35437154566589146,0.37742087588782497,0.0830839073672133
node_10,20261006_155933_685010,trial,1,18,1791270142.526998038,0.35437154566643136,0.3774208758878681,0.08319695041536437
node_10,20261006_155933_685010,trial,1,19,1791270142.574014475,0.3543715456666825,0.37742087588788803,0.08319695046246749
node_10,20261006_155933_685010,trial,1,20,1791270142.773936285,0.35437154566735674,0.3774208758879406,0.08319695051567748
node_10,20261006_155933_685010,trial,1,21,1791270142.873970678,0.3543715456676523,0.3774208758879637,0.08330776131059159
node_10,20261006_155933_685010,trial,1,22,1791270142.973903186,0.3543715456679155,0.37742087588798406,0.08330776131059159
node_10,20261006_155933_685010,trial,1,23,1791270143.073929375,0.35437154566813733,0.37742087588800133,0.08330776131059159
node_10,20261006_155933_685010,trial,1,24,1791270143.133048589,0.3543715456681193,0.3774208758879991,0.08330776131059159
node_10,20261006_155933_685010,trial,1,25,1791270143.273923701,0.35437154566848095,0.3774208758880278,0.08330776131059159
node_10,20261006_155933_685010,trial,1,26,1791270143.374007666,0.3543715456686405,0.37742087588804024,0.08330776131059159
node_10,20261006_155933_685010,trial,1,27,1791270143.474121853,0.35437154566876583,0.3774208758880499,0.08330776136380146
node_10,20261006_155933_685010,trial,1,28,1791270143.574021380,0.35437154566884355,0.3774208758880556,0.08343763377914484
node_10,20261006_155933_685010,trial,1,29,1791270143.673956203,0.35437154566895557,0.3774208758880642,0.08343763377914484
node_10,20261006_155933_685010,trial,1,30,1791270143.726139135,0.35437154566898865,0.37742087588806666,0.08343763377914484
node_10,20261006_155933_685010,trial,2,1,1791270206.480119322,0.3368565337508497,0.3809538103553536,0.09575452813806205
node_10,20261006_155933_685010,trial,2,2,1791270206.525740035,0.33685653371527635,0.38095381035200676,0.09575452818190615
node_10,20261006_155933_685010,trial,2,3,1791270206.826802089,0.3368565336172745,0.3809538103429664,0.09575452823511596
node_10,20261006_155933_685010,trial,2,4,1791270206.931830150,0.33685653360582635,0.38095381034198617,0.09585482730032749
node_10,20261006_155933_685010,trial,2,5,1791270207.024848648,0.3368565335662079,0.3809538103382817,0.09585482730032749
node_10,20261006_155933_685010,trial,2,6,1791270207.124830360,0.3368565335440197,0.38095381033624803,0.09585482730032749
node_10,20261006_155933_685010,trial,2,7,1791270207.173865607,0.3368565335317808,0.3809538103351157,0.09585482730032749
node_10,20261006_155933_685010,trial,2,8,1791270207.273866689,0.3368565335149424,0.3809538103335793,0.09585482730032749
node_10,20261006_155933_685010,trial,2,9,1791270207.635858482,0.33685653350509626,0.3809538103328576,0.09585482730032749
node_10,20261006_155933_685010,trial,2,10,1791270207.724915051,0.33685653348011035,0.38095381033049647,0.09585482730032749
node_10,20261006_155933_685010,trial,2,11,1791270207.829960667,0.33685653347870625,0.38095381033040454,0.09585482730032749
node_10,20261006_155933_685010,trial,2,12,1791270207.873768903,0.33685653346585887,0.3809538103291855,0.09585482730032749
node_10,20261006_155933_685010,trial,2,13,1791270208.025967846,0.3368565334568262,0.3809538103283673,0.09585482730032749
node_10,20261006_155933_685010,trial,2,14,1791270208.130966111,0.3368565334573762,0.3809538103284496,0.09585482730032749
node_10,20261006_155933_685010,trial,2,15,1791270208.226971116,0.33685653344728317,0.3809538103275028,0.09585482730032749
node_10,20261006_155933_685010,trial,2,16,1791270208.273761192,0.3368565334407978,0.3809538103268898,0.09585482730032749
node_10,20261006_155933_685010,trial,2,17,1791270208.431981240,0.33685653344376276,0.38095381032720627,0.09585482730032749
node_10,20261006_155933_685010,trial,2,18,1791270208.526026104,0.33685653343436806,0.3809538103263188,0.09585482730032749
node_10,20261006_155933_685010,trial,2,19,1791270208.625030578,0.33685653342942723,0.38095381032585846,0.09585482730032749
node_10,20261006_155933_685010,trial,2,20,1791270208.733039276,0.3368565334344473,0.3809538103263553,0.09585482730032749
node_10,20261006_155933_685010,trial,2,21,1791270208.826080736,0.33685653342660316,0.3809538103256118,0.09585482730032749
node_10,20261006_155933_685010,trial,2,22,1791270208.927100721,0.3368565334246213,0.3809538103254315,0.09585482730032749
node_10,20261006_155933_685010,trial,2,23,1791270209.034022313,0.33685653342870436,0.3809538103258337,0.09598309867029188
node_10,20261006_155933_685010,trial,2,24,1791270209.125157131,0.3368565334213386,0.3809538103251404,0.09598309870545847
node_10,20261006_155933_685010,trial,2,25,1791270209.273807414,0.336856533417354,0.3809538103247791,0.09598309870545847
node_10,20261006_155933_685010,trial,2,26,1791270209.373849087,0.33685653341770183,0.3809538103248255,0.09598309870545847
node_10,20261006_155933_685010,trial,2,27,1791270209.473753319,0.3368565334160937,0.38095381032468195,0.09598309870545847
node_10,20261006_155933_685010,trial,2,28,1791270209.573861490,0.33685653341478283,0.38095381032456577,0.09598309870545847
node_10,20261006_155933_685010,trial,2,29,1791270209.631150997,0.33685653341832567,0.38095381032491205,0.09598309870545847
node_10,20261006_155933_685010,trial,2,30,1791270209.773766637,0.33685653341343424,0.3809538103244524,0.09598309870545847
node_10,20261006_155933_685010,trial,3,1,1791270245.233304942,0.37731345374377745,0.388057310839217,0.05871557354434099
node_10,20261006_155933_685010,trial,3,2,1791270245.327328190,0.3773134536378926,0.3880573108335632,0.0588294124671778
node_10,20261006_155933_685010,trial,3,3,1791270245.427365766,0.37731345362339896,0.3880573108334556,0.058829412513459474
node_10,20261006_155933_685010,trial,3,4,1791270245.534302735,0.37732409680366497,0.3880579339023012,0.05882941244799223
node_10,20261006_155933_685010,trial,3,5,1791270245.625370765,0.37729712000922855,0.3880563522434969,0.05893168715012089
node_10,20261006_155933_685010,trial,3,6,1791270245.728418690,0.3772971200434695,0.3880563522464661,0.05893168724401557
node_10,20261006_155933_685010,trial,3,7,1791270245.835378418,0.37730756043219693,0.3880569642018767,0.05893168717990864
node_10,20261006_155933_685010,trial,3,8,1791270245.926413892,0.3772781697733226,0.38805523760194116,0.0590503463249339
node_10,20261006_155933_685010,trial,3,9,1791270246.026423987,0.37729034347658286,0.3880559517164116,0.0590503463425163
node_10,20261006_155933_685010,trial,3,10,1791270246.073701021,0.3772873472589411,0.3880557861955113,0.05890822412380042
node_10,20261006_155933_685010,trial,3,11,1791270246.225445034,0.3772684172914881,0.3880546656705045,0.05911140923958302
node_10,20261006_155933_685010,trial,3,12,1791270246.327499725,0.37726841731401173,0.388054665673052,0.059254352838717314
node_10,20261006_155933_685010,trial,3,13,1791270246.435454076,0.3772684175319042,0.3880546656874709,0.059254352895992304
node_10,20261006_155933_685010,trial,3,14,1791270246.526593311,0.3772684173576527,0.38805466567824454,0.05936676699456568
node_10,20261006_155933_685010,trial,3,15,1791270246.626484755,0.3772805915519046,0.3880553821144163,0.05936676696705923
node_10,20261006_155933_685010,trial,3,16,1791270246.733537096,0.3772802997112772,0.3880553778747764,0.059224902035855495
node_10,20261006_155933_685010,trial,3,17,1791270246.824532403,0.3772740496835092,0.38805500285941696,0.059439398691629564
node_10,20261006_155933_685010,trial,3,18,1791270246.873771664,0.377274049635162,0.38805500285752687,0.059439398743306865
node_10,20261006_155933_685010,trial,3,19,1791270247.034557408,0.37727404997321334,0.38805500288047073,0.0595684078115311
node_10,20261006_155933_685010,trial,3,20,1791270247.125616290,0.3772864363260986,0.3880557339143901,0.059568407769642784
node_10,20261006_155933_685010,trial,3,21,1791270247.228622159,0.37726912508556554,0.3880547133915858,0.059599244102232864
node_10,20261006_155933_685010,trial,3,22,1791270247.335702037,0.37726912534830936,0.3880547134093658,0.05973112755345711
node_10,20261006_155933_685010,trial,3,23,1791270247.424715970,0.3772691250482788,0.3880547133933286,0.05973112758614612
node_10,20261006_155933_685010,trial,3,24,1791270247.529678416,0.3772691251588651,0.38805471340192943,0.05973112758614612
node_10,20261006_155933_685010,trial,3,25,1791270247.625692835,0.3772691250286001,0.3880547133957402,0.05973112758614612
node_10,20261006_155933_685010,trial,3,26,1791270247.725742152,0.3772691249950909,0.3880547133952099,0.05973112758614612
node_10,20261006_155933_685010,trial,3,27,1791270247.830727729,0.3772691250973133,0.3880547134026815,0.059882540190143954
node_10,20261006_155933_685010,trial,3,28,1791270247.926753315,0.37726912499918674,0.3880547133982133,0.059882540240481515
node_10,20261006_155933_685010,trial,3,29,1791270248.026794095,0.37728121208285326,0.3880554308939578,0.059882540165871787
node_10,20261006_155933_685010,trial,3,30,1791270248.129853168,0.3772800705537804,0.38805537603648904,0.05974237417693232
node_10,20261006_155933_685010,trial,4,1,1791270289.925530645,0.3327164876423529,0.38444888164165614,-0.012956127286926905
node_10,20261006_155933_685010,trial,4,2,1791270290.032564763,0.332716487642331,0.38444888164165636,-0.012956127286926905
node_10,20261006_155933_685010,trial,4,3,1791270290.126545048,0.332716487642349,0.384448881641656,-0.012956127286926905
node_10,20261006_155933_685010,trial,4,4,1791270290.226553680,0.33271648764235223,0.38444888164165597,-0.01284399511274947
node_10,20261006_155933_685010,trial,4,5,1791270290.329618882,0.332716487642346,0.38444888164165597,-0.012843995064877527
node_10,20261006_155933_685010,trial,4,6,1791270290.424601346,0.3327164876423601,0.38444888164165575,-0.012736097705816801
node_10,20261006_155933_685010,trial,4,7,1791270290.526568240,0.332716487642358,0.3844488816416557,-0.012736097654054626
node_10,20261006_155933_685010,trial,4,8,1791270290.628665821,0.3327164876423551,0.3844488816416557,-0.012736097654054626
node_10,20261006_155933_685010,trial,4,9,1791270290.734697316,0.33271648764234046,0.3844488816416558,-0.012736097654054626
node_10,20261006_155933_685010,trial,4,10,1791270290.824624204,0.3327164876423581,0.3844488816416555,-0.012736097654054626
node_10,20261006_155933_685010,trial,4,11,1791270290.926715655,0.3327164876423565,0.38444888164165547,-0.012736097654054626
node_10,20261006_155933_685010,trial,4,12,1791270291.033687494,0.3327164876423439,0.3844488816416556,-0.012545121295878639
node_10,20261006_155933_685010,trial,4,13,1791270291.126753603,0.3327164876423539,0.3844488816416554,-0.012545121242193527
node_10,20261006_155933_685010,trial,4,14,1791270291.225754889,0.33271648764235734,0.3844488816416553,-0.012545121242193527
node_10,20261006_155933_685010,trial,4,15,1791270291.332752970,0.33271648764234735,0.38444888164165536,-0.012545121242193527
node_10,20261006_155933_685010,trial,4,16,1791270291.426758848,0.332716487642355,0.3844488816416552,-0.012545121242193527
node_10,20261006_155933_685010,trial,4,17,1791270291.526805665,0.33271648764235634,0.38444888164165514,-0.012545121242193527
node_10,20261006_155933_685010,trial,4,18,1791270291.673924736,0.33271648764235956,0.384448881641655,-0.012545121242193527
node_10,20261006_155933_685010,trial,4,19,1791270291.726830335,0.3327164876423569,0.384448881641655,-0.012545121242193527
node_10,20261006_155933_685010,trial,4,20,1791270291.873907295,0.3327164876423611,0.3844488816416549,-0.012545121242193527
node_10,20261006_155933_685010,trial,4,21,1791270291.973894314,0.3327164876423597,0.3844488816416549,-0.01254512117568145
node_10,20261006_155933_685010,trial,4,22,1791270292.073930798,0.33271648764236067,0.3844488816416549,-0.012409510152207173
node_10,20261006_155933_685010,trial,4,23,1791270292.124851818,0.3327164876423603,0.3844488816416549,-0.012409510152207173
node_10,20261006_155933_685010,trial,4,24,1791270292.273961264,0.33271648764236034,0.3844488816416548,-0.01225525250755915
node_10,20261006_155933_685010,trial,4,25,1791270292.373892005,0.3327164876423608,0.38444888164165475,-0.01225525250755915
node_10,20261006_155933_685010,trial,4,26,1791270292.473932544,0.33272981435622445,0.3844487128102848,-0.012255252590058927
node_10,20261006_155933_685010,trial,4,27,1791270292.573856823,0.33276068202118075,0.38444833428068925,-0.012440368679267963
node_10,20261006_155933_685010,trial,4,28,1791270292.673918714,0.3327755935831203,0.38444815177353764,-0.012624691008054254
node_10,20261006_155933_685010,trial,4,29,1791270292.827990012,0.33280979018298834,0.3844477198103342,-0.012879479403551573
node_10,20261006_155933_685010,trial,4,30,1791270292.874025237,0.3328195115700184,0.38444759181249133,-0.013112202194371623
node_10,20261006_155933_685010,trial,5,1,1791270344.526917226,0.3617060863034867,0.39491051263227567,-0.012485855488780387
node_10,20261006_155933_685010,trial,5,2,1791270344.629878996,0.36171694441242247,0.3949103896468449,-0.012629516496241555
node_10,20261006_155933_685010,trial,5,3,1791270344.724977543,0.3617169442077537,0.3949103896522799,-0.012738239584228862
node_10,20261006_155933_685010,trial,5,4,1791270344.873895750,0.36171694412042293,0.3949103896566917,-0.012638344633129791
node_10,20261006_155933_685010,trial,5,5,1791270344.973924305,0.36171694409677396,0.3949103896591878,-0.012638344572955696
node_10,20261006_155933_685010,trial,5,6,1791270345.033900168,0.3617169444249014,0.3949103896562307,-0.012638344572955696
node_10,20261006_155933_685010,trial,5,7,1791270345.173882434,0.3617169441526608,0.3949103896621222,-0.012638344572955696
node_10,20261006_155933_685010,trial,5,8,1791270345.273920229,0.3617169441272761,0.39491038966394665,-0.012638344572955696
node_10,20261006_155933_685010,trial,5,9,1791270345.627044365,0.3616958687497485,0.394910654438121,-0.012290081225582672
node_10,20261006_155933_685010,trial,5,10,1791270345.733992681,0.3616844036406242,0.3949108014841587,-0.01222698684466809
node_10,20261006_155933_685010,trial,5,11,1791270345.873915282,0.3616789858660839,0.3949108821320904,-0.012359726502105869
node_10,20261006_155933_685010,trial,5,12,1791270345.927099196,0.3616789858089205,0.39491088213201786,-0.012246530122854114
node_10,20261006_155933_685010,trial,5,13,1791270346.029061006,0.3616789857770328,0.39491088213077485,-0.012129164487025407
node_10,20261006_155933_685010,trial,5,14,1791270346.136209465,0.36165415934991124,0.3949111759343138,-0.01190926918869844
node_10,20261006_155933_685010,trial,5,15,1791270346.273999833,0.3616457427045033,0.3949112972956038,-0.011866106389126147
node_10,20261006_155933_685010,trial,5,16,1791270346.435177911,0.3616264360277019,0.3949115058116166,-0.011318795898972491
node_10,20261006_155933_685010,trial,5,17,1791270346.526098510,0.3616319067422524,0.39491145800009814,-0.011383140293562721
node_10,20261006_155933_685010,trial,5,18,1791270346.673946462,0.3616319068765928,0.39491145799175115,-0.011383140179466476
node_10,20261006_155933_685010,trial,5,19,1791270346.826200488,0.3616319067482024,0.3949114579870286,-0.011118076362413732
node_10,20261006_155933_685010,trial,5,20,1791270346.973947034,0.3616046937957154,0.39491176058054084,-0.01094798570525166
node_10,20261006_155933_685010,trial,5,21,1791270347.030194106,0.3616161294096821,0.39491162091005183,-0.010708553478977305
node_10,20261006_155933_685010,trial,5,22,1791270347.175034455,0.36164905063823966,0.3949112872165086,-0.010486858341731548
node_10,20261006_155933_685010,trial,5,23,1791270347.226193226,0.36163652389000805,0.394911437999632,-0.010486858185186503
node_10,20261006_155933_685010,trial,5,24,1791270347.328215794,0.3616542592726966,0.39491123679227835,-0.01051942111948216
node_10,20261006_155933_685010,trial,5,25,1791270347.626241964,0.36164481271719023,0.3949113417615215,-0.010460386698099651
node_10,20261006_155933_685010,trial,5,26,1791270347.733303814,0.36167642551656703,0.39491101105037224,-0.010657993415503568
node_10,20261006_155933_685010,trial,5,27,1791270347.826371090,0.361676427024387,0.39491101101244,-0.010528414926023843
node_10,20261006_155933_685010,trial,5,28,1791270347.926373497,0.3616764272570186,0.39491101098803316,-0.01052841487281406
node_10,20261006_155933_685010,trial,5,29,1791270348.073987324,0.3616610601272566,0.39491115710305624,-0.010119324078319548
node_10,20261006_155933_685010,trial,5,30,1791270348.173882715,0.3616761666930291,0.394911022844774,-0.010176153622662337
